{
  "results": {
    "coin": {
      "problem_id": "coin",
      "problem_name": "Minimal Coin Change (DP Chain)",
      "S": 11.132278230903848,
      "intrinsic_dimension": 3,
      "singular_spectrum": [
        11.132278230903848,
        5.181427254494806,
        4.4610104423147945,
        2.692463140539305,
        1.1292568647204722,
        3.1515496781717014e-15,
        1.1164795017708754e-15,
        3.444659355403113e-16,
        7.011497541352818e-17,
        4.2466187725994044e-29
      ],
      "n_solvers": 10,
      "n_tests": 100,
      "total_failures": 344,
      "correct_solvers": 4,
      "incorrect_solvers": 6,
      "failure_per_solver": [
        0,
        0,
        34,
        60,
        0,
        0,
        38,
        60,
        58,
        94
      ],
      "failure_per_probe": [
        1,
        0,
        1,
        5,
        5,
        6,
        6,
        5,
        4,
        1,
        4,
        1,
        5,
        5,
        5,
        1,
        1,
        5,
        1,
        2,
        1,
        4,
        4,
        6,
        1,
        6,
        6,
        5,
        2,
        6,
        1,
        5,
        5,
        5,
        5,
        1,
        5,
        1,
        1,
        5,
        6,
        1,
        1,
        1,
        1,
        5,
        1,
        5,
        5,
        5,
        1,
        5,
        1,
        6,
        5,
        1,
        5,
        6,
        5,
        1,
        5,
        0,
        1,
        5,
        1,
        1,
        1,
        1,
        5,
        6,
        1,
        1,
        5,
        5,
        6,
        1,
        5,
        6,
        6,
        1,
        5,
        6,
        6,
        5,
        1,
        0,
        0,
        5,
        1,
        6,
        5,
        0,
        5,
        5,
        4,
        1,
        5,
        5,
        5,
        5
      ],
      "solver_ids": [
        "cc_dp_t1",
        "cc_dp_t2",
        "cc_dp_t3",
        "cc_dp_t4",
        "cc_bfs_t1",
        "cc_bfs_t2",
        "cc_greedy_t1",
        "cc_greedy_t2",
        "cc_greedy_t3",
        "cc_rand_t1"
      ],
      "seed": 20260613
    },
    "grid": {
      "problem_id": "grid",
      "problem_name": "Grid Shortest Path (Graph Propagation)",
      "S": 8.09106959239702,
      "intrinsic_dimension": 2,
      "singular_spectrum": [
        8.09106959239702,
        4.594129016736134,
        3.598772716072229e-15,
        9.92542710722321e-16,
        2.750226068340342e-16,
        6.77724536404982e-32,
        2.346865499299308e-47
      ],
      "n_solvers": 7,
      "n_tests": 100,
      "total_failures": 132,
      "correct_solvers": 4,
      "incorrect_solvers": 3,
      "failure_per_solver": [
        0,
        0,
        31,
        0,
        31,
        70,
        0
      ],
      "failure_per_probe": [
        1,
        3,
        1,
        3,
        0,
        3,
        1,
        0,
        3,
        1,
        3,
        0,
        3,
        3,
        0,
        1,
        3,
        3,
        3,
        3,
        3,
        1,
        0,
        3,
        1,
        3,
        1,
        1,
        0,
        3,
        3,
        3,
        1,
        0,
        1,
        1,
        1,
        1,
        3,
        1,
        0,
        0,
        1,
        3,
        1,
        0,
        3,
        1,
        3,
        3,
        1,
        3,
        1,
        1,
        3,
        1,
        3,
        3,
        1,
        1,
        0,
        1,
        0,
        1,
        1,
        1,
        3,
        1,
        0,
        1,
        0,
        1,
        1,
        1,
        1,
        1,
        3,
        3,
        0,
        0,
        1,
        0,
        3,
        3,
        0,
        0,
        0,
        0,
        1,
        0,
        0,
        0,
        1,
        0,
        0,
        0,
        0,
        0,
        0,
        1
      ],
      "solver_ids": [
        "gp_bfs_t1",
        "gp_bfs_t2",
        "gp_dfs_t1",
        "gp_dfs_t2",
        "gp_greedy_t1",
        "gp_greedy_t2",
        "gp_astar_t1"
      ],
      "seed": 20260613
    },
    "interval": {
      "problem_id": "interval",
      "problem_name": "Interval Cover Minimization (Greedy System)",
      "S": 9.402342607603446,
      "intrinsic_dimension": 2,
      "singular_spectrum": [
        9.402342607603446,
        6.28786053606463,
        2.28675824354693,
        1.8483152727370633,
        1.3034358603695184,
        2.8803671114351266e-15,
        5.593888915203449e-16
      ],
      "n_solvers": 7,
      "n_tests": 100,
      "total_failures": 268,
      "correct_solvers": 2,
      "incorrect_solvers": 5,
      "failure_per_solver": [
        0,
        0,
        31,
        35,
        78,
        88,
        36
      ],
      "failure_per_probe": [
        4,
        5,
        4,
        4,
        4,
        2,
        2,
        5,
        2,
        2,
        5,
        2,
        2,
        5,
        4,
        2,
        5,
        2,
        4,
        5,
        2,
        2,
        4,
        2,
        2,
        2,
        5,
        2,
        4,
        2,
        2,
        2,
        2,
        2,
        2,
        2,
        2,
        4,
        2,
        2,
        2,
        4,
        2,
        4,
        2,
        4,
        5,
        2,
        2,
        5,
        5,
        2,
        5,
        5,
        2,
        2,
        2,
        2,
        4,
        2,
        2,
        2,
        5,
        2,
        2,
        2,
        4,
        2,
        2,
        2,
        2,
        2,
        2,
        2,
        2,
        5,
        2,
        5,
        5,
        2,
        4,
        2,
        2,
        2,
        2,
        0,
        2,
        4,
        3,
        0,
        0,
        2,
        0,
        2,
        1,
        0,
        0,
        3,
        1,
        2
      ],
      "solver_ids": [
        "ic_greedy_t1",
        "ic_greedy_t2",
        "ic_greedy_t3",
        "ic_greedy_t4",
        "ic_dp_t1",
        "ic_dfs_t1",
        "ic_rand_t1"
      ],
      "seed": 20260613
    },
    "constraint": {
      "problem_id": "constraint",
      "problem_name": "Constraint Lattice Selection (Poset System)",
      "S": 5.833093561671034,
      "intrinsic_dimension": 1,
      "singular_spectrum": [
        5.833093561671034,
        1.4053538703087896,
        1.5970221985409535e-15,
        6.262483357227871e-16,
        1.8490773571936913e-30
      ],
      "n_solvers": 5,
      "n_tests": 100,
      "total_failures": 48,
      "correct_solvers": 2,
      "incorrect_solvers": 3,
      "failure_per_solver": [
        0,
        2,
        2,
        44,
        0
      ],
      "failure_per_probe": [
        0,
        0,
        0,
        1,
        1,
        0,
        0,
        1,
        3,
        1,
        1,
        0,
        0,
        1,
        1,
        1,
        0,
        0,
        0,
        1,
        0,
        1,
        0,
        0,
        0,
        0,
        0,
        0,
        0,
        0,
        1,
        1,
        0,
        0,
        0,
        1,
        0,
        1,
        1,
        0,
        1,
        1,
        1,
        0,
        3,
        0,
        0,
        1,
        0,
        0,
        1,
        0,
        1,
        0,
        1,
        1,
        0,
        1,
        0,
        0,
        0,
        0,
        0,
        0,
        1,
        0,
        0,
        0,
        0,
        1,
        0,
        1,
        1,
        0,
        1,
        0,
        1,
        0,
        1,
        0,
        1,
        1,
        0,
        0,
        0,
        0,
        0,
        0,
        0,
        0,
        1,
        0,
        1,
        1,
        1,
        1,
        1,
        1,
        1,
        1
      ],