{
  "constraint_tightness": {
    "observed_rho": -0.6,
    "null_mean": 0.0,
    "null_std": 0.5773502691896257,
    "null_95_ci": [
      -0.885,
      0.8850000000000001
    ],
    "p_value": 0.4166666666666667
  },
  "branching_factor": {
    "observed_rho": 0.8,
    "null_mean": 9.25185853854297e-18,
    "null_std": 0.5773502691896257,
    "null_95_ci": [
      -0.885,
      0.8850000000000001
    ],
    "p_value": 0.3333333333333333
  },
  "symmetry": {
    "observed_rho": 0.0,
    "null_mean": 0.0,
    "null_std": 0.5773502691896257,
    "null_95_ci": [
      -0.885,
      0.8850000000000001
    ],
    "p_value": 1.0
  }
}