{
  "lc3946": {
    "S": 0.305104968350923,
    "orig_dim": 3,
    "v2_dim": 3,
    "dim_change": 0,
    "abs_diff_top5": [
      1.563002072063001,
      0.5694302221136818,
      0.4474894239615448,
      0.16587483099570566,
      0.12003329510310845
    ]
  },
  "lc322": {
    "S": 0.8506637209766471,
    "orig_dim": 5,
    "v2_dim": 2,
    "dim_change": 3,
    "abs_diff_top5": [
      0.5078098248788345,
      0.6364715382439385,
      2.260455445080465,
      2.40786548795957,
      1.6762536359012996
    ]
  },
  "lc45": {
    "S": 0.8249199299840783,
    "orig_dim": 4,
    "v2_dim": 2,
    "dim_change": 2,
    "abs_diff_top5": [
      1.7640899524965548,
      1.1976334924519592,
      0.9483368818594254,
      1.4378266865161586,
      1.1845566290590488
    ]
  },
  "lc743": {
    "S": 0.16938426450351876,
    "orig_dim": 3,
    "v2_dim": 3,
    "dim_change": 0,
    "abs_diff_top5": [
      0.4422763406444892,
      0.40421429069287473,
      0.31252643503300215,
      0.3876383378481656,
      0.4641830626013487
    ]
  }
}