{
  "lc3946": {
    "2": {
      "n_clusters": 2,
      "cluster_sizes": {
        "0": 17,
        "5": 13
      },
      "cluster_labels": {
        "solver_001": 0,
        "solver_002": 0,
        "solver_003": 0,
        "solver_004": 0,
        "solver_005": 0,
        "solver_006": 5,
        "solver_007": 5,
        "solver_008": 5,
        "solver_009": 5,
        "solver_010": 5,
        "solver_011": 5,
        "solver_012": 5,
        "solver_013": 5,
        "solver_014": 5,
        "solver_015": 5,
        "solver_016": 0,
        "solver_017": 0,
        "solver_018": 5,
        "solver_019": 0,
        "solver_020": 0,
        "solver_021": 0,
        "solver_022": 0,
        "solver_023": 5,
        "solver_024": 0,
        "solver_025": 0,
        "solver_026": 0,
        "solver_027": 0,
        "solver_028": 5,
        "solver_029": 0,
        "solver_030": 0
      },
      "correctness_per_cluster": {
        "0": {
          "correct": 15,
          "total": 17
        },
        "5": {
          "correct": 0,
          "total": 13
        }
      },
      "probe_separations": {
        "p_lc3946_0001": 7.511842976066204,
        "p_lc3946_0003": 36833333333.333336,
        "p_lc3946_0005": 17.84999998195167,
        "p_lc3946_0007": 95.19999971122667,
        "p_lc3946_0009": 95.19999971122667,
        "p_lc3946_0011": 0.32407407385125525,
        "p_lc3946_0013": 0.8215568857201804,
        "p_lc3946_0015": 0.8215568857201804,
        "p_lc3946_0017": 95.19999971122667,
        "p_lc3946_0019": 1.4424242400376863,
        "p_lc3946_0021": 41.321520973536195,
        "p_lc3946_0023": 36833333333.333336,
        "p_lc3946_0025": 17.84999998195167,
        "p_lc3946_0027": 0.8215568857201804,
        "p_lc3946_0029": 0.32407407385125525
      }
    },
    "3": {
      "n_clusters": 3,
      "cluster_sizes": {
        "0": 17,
        "5": 9,
        "6": 4
      },
      "cluster_labels": {
        "solver_001": 0,
        "solver_002": 0,
        "solver_003": 0,
        "solver_004": 0,
        "solver_005": 0,
        "solver_006": 5,
        "solver_007": 6,
        "solver_008": 6,
        "solver_009": 5,
        "solver_010": 5,
        "solver_011": 5,
        "solver_012": 6,
        "solver_013": 5,
        "solver_014": 5,
        "solver_015": 5,
        "solver_016": 0,
        "solver_017": 0,
        "solver_018": 5,
        "solver_019": 0,
        "solver_020": 0,
        "solver_021": 0,
        "solver_022": 0,
        "solver_023": 6,
        "solver_024": 0,
        "solver_025": 0,
        "solver_026": 0,
        "solver_027": 0,
        "solver_028": 5,
        "solver_029": 0,
        "solver_030": 0
      },
      "correctness_per_cluster": {
        "0": {
          "correct": 15,
          "total": 17
        },
        "5": {
          "correct": 0,
          "total": 9
        },
        "6": {
          "correct": 0,
          "total": 4
        }
      },
      "probe_separations": {
        "p_lc3946_0001": 6.726393438067747,
        "p_lc3946_0003": 24555555555.555553,
        "p_lc3946_0005": 16.514999979934274,
        "p_lc3946_0007": 63.89999980590374,
        "p_lc3946_0009": 77.39999972136,
        "p_lc3946_0011": 5.912280695406466,
        "p_lc3946_0013": 15.479999976315604,
        "p_lc3946_0015": 15.479999976315604,
        "p_lc3946_0017": 63.89999980590374,
        "p_lc3946_0019": 1.2508474555664006,
        "p_lc3946_0021": 30.203478212649056,
        "p_lc3946_0023": 24555555555.555553,
        "p_lc3946_0025": 16.514999979934274,
        "p_lc3946_0027": 15.479999976315604,
        "p_lc3946_0029": 5.912280695406466
      }
    },
    "4": {
      "n_clusters": 4,
      "cluster_sizes": {
        "0": 15,
        "5": 9,
        "6": 4,
        "23": 2
      },
      "cluster_labels": {
        "solver_001": 0,
        "solver_002": 0,
        "solver_003": 0,
        "solver_004": 0,
        "solver_005": 0,
        "solver_006": 5,
        "solver_007": 6,
        "solver_008": 6,
        "solver_009": 5,
        "solver_010": 5,
        "solver_011": 5,
        "solver_012": 6,
        "solver_013": 5,
        "solver_014": 5,
        "solver_015": 5,
        "solver_016": 0,
        "solver_017": 0,
        "solver_018": 5,
        "solver_019": 0,
        "solver_020": 0,
        "solver_021": 0,
        "solver_022": 0,
        "solver_023": 6,
        "solver_024": 23,
        "solver_025": 0,
        "solver_026": 0,
        "solver_027": 0,
        "solver_028": 5,
        "solver_029": 23,
        "solver_030": 0
      },
      "correctness_per_cluster": {
        "0": {
          "correct": 15,
          "total": 15
        },
        "5": {
          "correct": 0,
          "total": 9
        },
        "6": {
          "correct": 0,
          "total": 4
        },
        "23": {
          "correct": 0,
          "total": 2
        }
      },
      "probe_separations": {
        "p_lc3946_0001": 13.877499983763323,
        "p_lc3946_0003": 18416666666.666664,
        "p_lc3946_0005": 11.927499986044825,
        "p_lc3946_0007": 46.14999986501124,
        "p_lc3946_0009": 55.89999980621333,
        "p_lc3946_0011": 29.611111008459257,
        "p_lc3946_0013": 12000000000.000002,
        "p_lc3946_0015": 12000000000.000002,
        "p_lc3946_0017": 46.14999986501124,
        "p_lc3946_0019": 0.9033898290753004,
        "p_lc3946_0021": 21.94554452055936,
        "p_lc3946_0023": 18416666666.666664,
        "p_lc3946_0025": 11.927499986044825,
        "p_lc3946_0027": 12000000000.000002,
        "p_lc3946_0029": 29.611111008459257
      }
    }
  },
  "lc322": {
    "2": {
      "n_clusters": 2,
      "cluster_sizes": {
        "0": 24,
        "5": 6
      },
      "cluster_labels": {
        "solver_001": 0,
        "solver_002": 0,
        "solver_003": 0,
        "solver_004": 0,
        "solver_005": 0,
        "solver_006": 5,
        "solver_007": 5,
        "solver_008": 0,
        "solver_009": 0,
        "solver_010": 0,
        "solver_011": 0,
        "solver_012": 5,
        "solver_013": 5,
        "solver_014": 0,
        "solver_015": 0,
        "solver_016": 0,
        "solver_017": 0,
        "solver_018": 0,
        "solver_019": 0,
        "solver_020": 0,
        "solver_021": 0,
        "solver_022": 0,
        "solver_023": 0,
        "solver_024": 0,
        "solver_025": 0,
        "solver_026": 0,
        "solver_027": 5,
        "solver_028": 0,
        "solver_029": 5,
        "solver_030": 0
      },
      "correctness_per_cluster": {
        "0": {
          "correct": 15,
          "total": 24
        },
        "5": {
          "correct": 0,
          "total": 6
        }
      },
      "probe_separations": {
        "p_fp_0001": 1.5448275853119617,
        "p_fp_0003": 2.2909090893540496,
        "p_fp_0005": 3.5999999978399995,
        "p_fp_0007": 23.506976707449557,
        "p_fp_0009": 24000000000.000004,
        "p_fp_0011": 1.0473282437375537,
        "p_fp_0013": 0.19842519674540013,
        "p_fp_0015": 0.0,
        "p_fp_0017": 24000000000.000004,
        "p_fp_0019": 24000000000.000004,
        "p_fp_0021": 55.99999981184,
        "p_fp_0023": 11.199999979093336,
        "p_fp_0025": 7.221052625194017,
        "p_fp_0027": 55.99999981184,
        "p_fp_0029": 3.4999999970600006
      }
    },
    "3": {
      "n_clusters": 3,
      "cluster_sizes": {
        "0": 24,
        "5": 3,
        "6": 3
      },
      "cluster_labels": {
        "solver_001": 0,
        "solver_002": 0,
        "solver_003": 0,
        "solver_004": 0,
        "solver_005": 0,
        "solver_006": 5,
        "solver_007": 6,
        "solver_008": 0,
        "solver_009": 0,
        "solver_010": 0,
        "solver_011": 0,
        "solver_012": 5,
        "solver_013": 5,
        "solver_014": 0,
        "solver_015": 0,
        "solver_016": 0,
        "solver_017": 0,
        "solver_018": 0,
        "solver_019": 0,
        "solver_020": 0,