{
  "singular_values": [
    5.850351053686106,
    4.110148105277741,
    1.766486633793974,
    1.5682762772996892,
    1.1394038266187492,
    0.7562450426699963,
    0.6297845774487253,
    3.9038040671671444e-16,
    1.3094912413615809e-16,
    5.7862612748098e-17,
    9.44557830133769e-18,
    5.8960819261541745e-18,
    3.1788632840076218e-18,
    1.2357454091183863e-34,
    1.1539078546473735e-35
  ],
  "intrinsic_dim": 3,
  "total_variance": 58.96666666666674,
  "reconstruction_errors": {
    "1": 0.9402008305993864,
    "2": 0.9092371082327816,
    "3": 0.903401481921958,
    "4": 0.8987752676102094,
    "5": 0.8963236940118675,
    "6": 0.8952415864595029,
    "7": 0.8944903545317202,
    "8": 0.8944903545317202,
    "9": 0.8944903545317202,
    "10": 0.8944903545317202,
    "11": 0.8944903545317202,
    "12": 0.8944903545317202,
    "13": 0.8944903545317202,
    "14": 0.8944903545317202,
    "15": 0.8944903545317202
  }
}