{
  "singular_values": [
    6.533159130219966,
    3.1080068292572083,
    0.7904378502961421,
    6.848945548009167e-16,
    5.406311535236197e-16,
    2.0743624976846186e-17,
    2.7777219512472646e-29,
    7.989876873703595e-32,
    5.546010584371718e-32,
    3.381987914946678e-32,
    1.2943750001489434e-33,
    2.680557860376327e-46,
    5.851799627862346e-48,
    4.71664851776516e-49,
    0.0
  ],
  "intrinsic_dim": 2,
  "total_variance": 52.96666666666673,
  "reconstruction_errors": {
    "1": 0.5859618231095785,
    "2": 0.4412939945993465,
    "3": 0.4302652729749464,
    "4": 0.4302652729749464,
    "5": 0.4302652729749464,
    "6": 0.4302652729749464,
    "7": 0.4302652729749464,
    "8": 0.4302652729749464,
    "9": 0.4302652729749464,
    "10": 0.4302652729749464,
    "11": 0.4302652729749464,
    "12": 0.4302652729749464,
    "13": 0.4302652729749464,
    "14": 0.4302652729749464,
    "15": 0.4302652729749464
  }
}