{
  "lc45": {
    "singular_values": [
      4.472020349382735,
      2.680478611864268,
      1.880154094329205,
      1.4378266865161589,
      1.1845566290590488,
      1.01882575384072,
      0.46940167346302786,
      0.22852823015388793,
      2.3140939424106987e-16,
      8.358580769924536e-17
    ],
    "intrinsic_dim": 4,
    "total_variance": 35.499999999999986
  },
  "lc743": {
    "singular_values": [
      6.665573633520958,
      3.698164000380247,
      2.8779202002890383,
      1.487973333146347,
      1.2962578810308787,
      0.6017463246280257,
      7.812278234308068e-16,
      4.625308666594932e-16,
      3.4280962121020735e-16,
      1.7108656536733807e-16,
      1.6350481055053603e-16,
      2.4633889885239313e-19
    ],
    "intrinsic_dim": 3,
    "total_variance": 70.64516129032256
  }
}