{
  "lc3946": {
    "singular_values": [
      7.413353125749107,
      4.679578327391423,
      2.2139760577555188,
      1.4024014463039836,
      1.2594371217218576,
      1.0057367816891616,
      0.8766558575395128,
      0.7457796759986257,
      0.46860198591822494,
      4.1551998777855975e-16,
      4.022011171489205e-16,
      3.149228125819105e-16,
      2.9366236071838614e-16,
      7.084685020581971e-17,
      3.763391667190503e-32
    ],
    "intrinsic_dim": 3,
    "total_variance": 87.8666666666667,
    "reconstruction_errors": {
      "1": 0.7680280789766816,
      "2": 0.6530282050933339,
      "3": 0.6243925533228861,
      "4": 0.6125267116310313,
      "5": 0.6027866906088535,
      "6": 0.5964924463886675,
      "7": 0.5916654238071538,
      "8": 0.5881473642283919,
      "9": 0.5867525943403864,
      "10": 0.5867525943403864,
      "11": 0.5867525943403864,
      "12": 0.5867525943403864,
      "13": 0.5867525943403864,
      "14": 0.5867525943403864,
      "15": 0.5867525943403864
    },
    "latent_2d": [
      [
        -1.2308923458245773,
        -0.04484266537133969
      ],
      [
        -1.2308923458245773,
        -0.04484266537133969
      ],
      [
        -1.2308923458245773,
        -0.04484266537133969
      ],
      [
        -1.2308923458245773,
        -0.04484266537133969
      ],
      [
        -1.2308923458245773,
        -0.04484266537133969
      ],
      [
        1.6338439240231768,
        -0.7714039967357428
      ],
      [
        2.3270348270645864,
        1.20316245999822
      ],
      [
        2.2536278605864464,
        1.18250263141636
      ],
      [
        1.7072508905013166,
        -0.7507441681538829
      ],
      [
        1.6338439240231768,
        -0.7714039967357428
      ],
      [
        1.6338439240231768,
        -0.7714039967357428
      ],
      [
        2.050486522523575,
        0.42418461436549576
      ],
      [
        0.7438042142325795,
        -1.0519188522579477
      ],
      [
        0.7438042142325795,
        -1.0519188522579477
      ],
      [
        1.6338439240231768,
        -0.7714039967357428
      ],
      [
        -0.9355556838402538,
        -0.2863909320659983
      ],
      [
        -1.2308923458245773,
        -0.04484266537133969
      ],
      [
        0.061421795194425255,
        -0.8208755051126302
      ],
      [
        -1.2308923458245773,
        -0.04484266537133969
      ],
      [
        -1.2308923458245773,
        -0.04484266537133969
      ],
      [
        -1.2308923458245773,
        -0.04484266537133969
      ],
      [
        -1.2308923458245773,
        -0.04484266537133969
      ],
      [
        1.6459313732798466,
        1.6525210296583068
      ],
      [
        -0.3222465412781564,
        2.13240486440485
      ],
      [
        -1.2308923458245773,
        -0.04484266537133969
      ],
      [
        -1.2308923458245773,
        -0.04484266537133969
      ],
      [
        -1.2308923458245773,
        -0.04484266537133969
      ],
      [
        0.7438042142325795,
        -1.0519188522579477
      ],
      [
        -0.3222465412781564,
        2.13240486440485
      ],
      [
        -1.2308923458245773,
        -0.04484266537133969
      ]
    ]
  },
  "lc322": {
    "singular_values": [
      6.025349305341131,
      3.744478367501147,
      3.050893295376607,
      2.4078654879595707,
      1.6762536359013,
      1.3431059063513002,
      1.088933891461573,
      0.9471453094777839,
      0.7293103169712999,
      0.5033372374700414,
      0.364527716629878,
      0.2947395042237231,
      3.9070433874628094e-16,
      2.288495039016462e-16,
      5.277614737586646e-18
    ],
    "intrinsic_dim": 5,
    "total_variance": 73.1333333333333,
    "reconstruction_errors": {
      "1": 0.7834400800494743,
      "2": 0.6816285840820283,
      "3": 0.6046459981038942,
      "4": 0.5512874814397033,
      "5": 0.5234750410050047,
      "6": 0.5048121798244041,
      "7": 0.4921592097588043,
      "8": 0.4823662907146355,
      "9": 0.47646489536952263,
      "10": 0.47362812526788034,
      "11": 0.47213343365026633,
      "12": 0.47115370698195375,
      "13": 0.47115370698195375,
      "14": 0.47115370698195375,
      "15": 0.47115370698195375
    },
    "latent_2d": [
      [
        -0.7670217381552136,
        -0.29189264689551575
      ],
      [
        -0.6523545563437801,
        0.24848587201613054
      ],
      [
        -0.7670217381552136,
        -0.29189264689551575
      ],
      [
        -0.7670217381552136,
        -0.29189264689551575
      ],
      [
        -0.7670217381552136,
        -0.29189264689551575
      ],
      [
        1.0313369870089344,
        -1.4848639258170626
      ],
      [
        1.6785306525951171,
        -0.39904885180838673
      ],
      [
        -0.3071684291643434,
        1.1313000697188476
      ],
      [
        -0.7670217381552136,
        -0.29189264689551575
      ],
      [
        -0.3071684291643434,
        1.1313000697188476
      ],
      [
        0.010322452271007317,
        0.08357624879254774
      ],
      [
        1.0313369870089344,
        -1.4848639258170626
      ],
      [
        1.8138795009964281,
        -0.9485770620932878
      ],
      [
        -0.3071684291643434,
        1.1313000697188476
      ],
      [
        -0.3071684291643434,
        1.1313000697188476
      ],
      [
        -0.7670217381552136,
        -0.29189264689551575
      ],
      [
        -0.7670217381552136,
        -0.29189264689551575
      ],
      [
        -0.5300889784519015,
        -0.1750080099324009
      ],
      [
        -0.6523545563437801,
        0.24848587201613054
      ],
      [
        -0.7670217381552136,
        -0.29189264689551575
      ],
      [
        -0.7670217381552136,
        -0.29189264689551575
      ],
      [
        -0.4179440285018737,
        0.36302466967268443
      ],
      [
        0.19339170735088643,
        0.4873477211128549
      ],
      [
        -0.7670217381552136,
        -0.29189264689551575
      ],
      [
        -0.18742148065319708,
        -0.15256154223843696
      ],
      [
        -0.7670217381552136,
        -0.29189264689551575
      ],
      [
        3.0015251594545242,
        0.5239142045266681
      ],
      [
        1.1112495686741122,
        1.1436860089137513
      ],
      [
        3.0015251594545242,
        0.5239142045266681
      ],
      [
        -0.7670217381552136,
        -0.29189264689551575
      ]
    ]
  }
}